{
  "arm": "arm-d2-anchorrag-swarm",
  "summary": {
    "simple": {
      "n": 30,
      "recall@5": 0.5066666666666666,
      "recall@10": 0.64,
      "ndcg@5": 0.4301636897327141,
      "latency_ms_p50": 6808.238114629474,
      "latency_ms_p95": 6884.891309056964,
      "latency_ms_p99": 6900.69608620235,
      "tokens_in_avg": 2705.133333333333,
      "tokens_out_avg": 920.0,
      "cost_cents_avg": 2.1915400000000003
    },
    "all": {
      "n": 49,
      "recall@5": 0.5156462585034013,
      "recall@10": 0.610204081632653,
      "ndcg@5": 0.4648204655242616,
      "latency_ms_p50": 6822.321619306293,
      "latency_ms_p95": 7875.996479306903,
      "latency_ms_p99": 8370.178884778703,
      "tokens_in_avg": 2751.6938775510203,
      "tokens_out_avg": 924.8979591836735,
      "cost_cents_avg": 2.206214693877551
    },
    "multihop": {
      "n": 14,
      "recall@5": 0.6904761904761905,
      "recall@10": 0.7142857142857143,
      "ndcg@5": 0.6578894517129292,
      "latency_ms_p50": 6904.8008578164245,
      "latency_ms_p95": 7607.361616407123,
      "latency_ms_p99": 7832.346853528705,
      "tokens_in_avg": 2796.785714285714,
      "tokens_out_avg": 920.0,
      "cost_cents_avg": 2.2190357142857144
    },
    "broad": {
      "n": 5,
      "recall@5": 0.08,
      "recall@10": 0.13999999999999999,
      "ndcg@5": 0.13216795894527678,
      "latency_ms_p50": 7857.101454053607,
      "latency_ms_p95": 8457.618202481952,
      "latency_ms_p99": 8507.583526883807,
      "tokens_in_avg": 2904.8,
      "tokens_out_avg": 968.0,
      "cost_cents_avg": 2.2583640000000003
    }
  },
  "per_query": [
    {
      "query_id": "q_000",
      "category": "simple",
      "recall@5": 0.0,
      "recall@10": 0.0,
      "ndcg@5": 0.0,
      "latency_ms": 6789.885248456683,
      "tokens_in": 2631,
      "tokens_out": 920,
      "cost_cents": 2.1693
    },
    {
      "query_id": "q_001",
      "category": "simple",
      "recall@5": 0.0,
      "recall@10": 0.0,
      "ndcg@5": 0.0,
      "latency_ms": 6823.833908353534,
      "tokens_in": 2687,
      "tokens_out": 920,
      "cost_cents": 2.1860999999999997
    },
    {
      "query_id": "q_002",
      "category": "simple",
      "recall@5": 0.0,
      "recall@10": 0.0,
      "ndcg@5": 0.0,
      "latency_ms": 6795.805658612933,
      "tokens_in": 2752,
      "tokens_out": 920,
      "cost_cents": 2.2056
    },
    {
      "query_id": "q_003",
      "category": "simple",
      "recall@5": 0.0,
      "recall@10": 0.0,
      "ndcg@5": 0.0,
      "latency_ms": 6796.977485929217,
      "tokens_in": 2675,
      "tokens_out": 920,
      "cost_cents": 2.1825
    },
    {
      "query_id": "q_004",
      "category": "simple",
      "recall@5": 0.0,
      "recall@10": 0.0,
      "ndcg@5": 0.0,
      "latency_ms": 6799.463476453509,
      "tokens_in": 2679,
      "tokens_out": 920,
      "cost_cents": 2.1837
    },
    {
      "query_id": "q_005",
      "category": "simple",
      "recall@5": 0.2,
      "recall@10": 0.2,
      "ndcg@5": 0.13120507751234178,
      "latency_ms": 6901.882137571063,
      "tokens_in": 2699,
      "tokens_out": 920,
      "cost_cents": 2.1897
    },
    {
      "query_id": "q_006",
      "category": "simple",
      "recall@5": 0.0,
      "recall@10": 0.0,
      "ndcg@5": 0.0,
      "latency_ms": 6897.792305265155,
      "tokens_in": 2665,
      "tokens_out": 920,
      "cost_cents": 2.1795000000000004
    },
    {
      "query_id": "q_007",
      "category": "simple",
      "recall@5": 0.0,
      "recall@10": 0.0,
      "ndcg@5": 0.0,
      "latency_ms": 6795.16955784389,
      "tokens_in": 2675,
      "tokens_out": 920,
      "cost_cents": 2.1825
    },
    {
      "query_id": "q_008",
      "category": "simple",
      "recall@5": 0.0,
      "recall@10": 0.0,
      "ndcg@5": 0.0,
      "latency_ms": 6813.40047291347,
      "tokens_in": 2652,
      "tokens_out": 920,
      "cost_cents": 2.1755999999999998
    },
    {
      "query_id": "q_009",
      "category": "simple",
      "recall@5": 0.0,
      "recall@10": 0.0,
      "ndcg@5": 0.0,
      "latency_ms": 6813.254083905902,
      "tokens_in": 2647,
      "tokens_out": 920,
      "cost_cents": 2.1741
    },
    {
      "query_id": "q_010",
      "category": "simple",
      "recall@5": 1.0,
      "recall@10": 1.0,
      "ndcg@5": 1.0,
      "latency_ms": 6817.620243344989,
      "tokens_in": 2728,
      "tokens_out": 920,
      "cost_cents": 2.1984
    },
    {
      "query_id": "q_011",
      "category": "simple",
      "recall@5": 1.0,
      "recall@10": 1.0,
      "ndcg@5": 1.0,
      "latency_ms": 6825.386728559222,
      "tokens_in": 2793,
      "tokens_out": 920,
      "cost_cents": 2.2179
    },
    {
      "query_id": "q_012",
      "category": "simple",
      "recall@5": 1.0,
      "recall@10": 1.0,
      "ndcg@5": 1.0,
      "latency_ms": 6809.197868619647,
      "tokens_in": 2813,
      "tokens_out": 920,
      "cost_cents": 2.2239
    },
    {
      "query_id": "q_013",
      "category": "simple",
      "recall@5": 1.0,
      "recall@10": 1.0,
      "ndcg@5": 1.0,
      "latency_ms": 6810.332741056171,
      "tokens_in": 2687,
      "tokens_out": 920,
      "cost_cents": 2.1860999999999997
    },
    {
      "query_id": "q_014",
      "category": "simple",
      "recall@5": 1.0,
      "recall@10": 1.0,
      "ndcg@5": 1.0,
      "latency_ms": 6800.930227552142,
      "tokens_in": 2771,
      "tokens_out": 920,
      "cost_cents": 2.2113000000000005
    },
    {
      "query_id": "q_015",
      "category": "simple",
      "recall@5": 1.0,
      "recall@10": 1.0,
      "ndcg@5": 1.0,
      "latency_ms": 6810.331310544696,
      "tokens_in": 2743,
      "tokens_out": 920,
      "cost_cents": 2.2029
    },
    {
      "query_id": "q_016",
      "category": "simple",
      "recall@5": 1.0,
      "recall@10": 1.0,
      "ndcg@5": 1.0,
      "latency_ms": 6810.599769864764,
      "tokens_in": 2743,
      "tokens_out": 920,
      "cost_cents": 2.2029
    },
    {
      "query_id": "q_017",
      "category": "simple",
      "recall@5": 1.0,
      "recall@10": 1.0,
      "ndcg@5": 1.0,
      "latency_ms": 6822.321619306293,
      "tokens_in": 2808,
      "tokens_out": 920,
      "cost_cents": 2.2224
    },
    {
      "query_id": "q_018",
      "category": "simple",
      "recall@5": 1.0,
      "recall@10": 1.0,
      "ndcg@5": 1.0,
      "latency_ms": 6809.157575879779,
      "tokens_in": 2757,
      "tokens_out": 920,
      "cost_cents": 2.2071
    },
    {
      "query_id": "q_019",
      "category": "simple",
      "recall@5": 1.0,
      "recall@10": 1.0,
      "ndcg@5": 1.0,
      "latency_ms": 6807.318653379169,
      "tokens_in": 2799,
      "tokens_out": 920,
      "cost_cents": 2.2197
    },
    {
      "query_id": "q_020",
      "category": "simple",
      "recall@5": 0.0,
      "recall@10": 1.0,
      "ndcg@5": 0.0,
      "latency_ms": 6744.183506284442,
      "tokens_in": 2795,
      "tokens_out": 920,
      "cost_cents": 2.2185
    },
    {
      "query_id": "q_021",
      "category": "simple",
      "recall@5": 1.0,
      "recall@10": 1.0,
      "ndcg@5": 1.0,
      "latency_ms": 6748.406614576068,
      "tokens_in": 2607,
      "tokens_out": 920,
      "cost_cents": 2.1620999999999997
    },
    {
      "query_id": "q_022",
      "category": "simple",
      "recall@5": 0.0,
      "recall@10": 0.0,
      "ndcg@5": 0.0,
      "latency_ms": 6748.888696943011,
      "tokens_in": 2669,
      "tokens_out": 920,
      "cost_cents": 2.1807000000000003
    },
    {
      "query_id": "q_023",
      "category": "simple",
      "recall@5": 1.0,
      "recall@10": 1.0,
      "ndcg@5": 0.5,
      "latency_ms": 6745.510067258563,
      "tokens_in": 2645,
      "tokens_out": 920,
      "cost_cents": 2.1735
    },
    {
      "query_id": "q_024",
      "category": "simple",
      "recall@5": 0.0,
      "recall@10": 1.0,
      "ndcg@5": 0.0,
      "latency_ms": 6756.684269223895,
      "tokens_in": 2647,
      "tokens_out": 920,