{
  "arm": "arm-c-adaptive-rag",
  "summary": {
    "simple": {
      "n": 30,
      "recall@5": 0.3333333333333333,
      "recall@10": 0.3333333333333333,
      "ndcg@5": 0.3333333333333333,
      "latency_ms_p50": 3582.131158420018,
      "latency_ms_p95": 3602.7030816759384,
      "latency_ms_p99": 3628.4033504213608,
      "tokens_in_avg": 367.0,
      "tokens_out_avg": 200.0,
      "cost_cents_avg": 0.4101000000000001
    },
    "all": {
      "n": 49,
      "recall@5": 0.22925170068027212,
      "recall@10": 0.24965986394557826,
      "ndcg@5": 0.2286684334810637,
      "latency_ms_p50": 3582.0490232195175,
      "latency_ms_p95": 3643.0120340074814,
      "latency_ms_p99": 3724.702126094273,
      "tokens_in_avg": 374.7142857142857,
      "tokens_out_avg": 200.0,
      "cost_cents_avg": 0.41241428571428573
    },
    "multihop": {
      "n": 14,
      "recall@5": 0.05952380952380952,
      "recall@10": 0.09523809523809523,
      "ndcg@5": 0.029909964664760636,
      "latency_ms_p50": 3595.636617251805,
      "latency_ms_p95": 3713.4365311350143,
      "latency_ms_p99": 3747.8959980692184,
      "tokens_in_avg": 386.85714285714283,
      "tokens_out_avg": 200.0,
      "cost_cents_avg": 0.41605714285714285
    },
    "broad": {
      "n": 5,
      "recall@5": 0.08,
      "recall@10": 0.18,
      "ndcg@5": 0.15720274705309448,
      "latency_ms_p50": 3490.7683244432724,
      "latency_ms_p95": 3549.3821492876327,
      "latency_ms_p99": 3559.5189061846054,
      "tokens_in_avg": 387.0,
      "tokens_out_avg": 200.0,
      "cost_cents_avg": 0.4161
    }
  },
  "per_query": [
    {
      "query_id": "q_000",
      "category": "simple",
      "router_route": "simple",
      "recall@5": 0.0,
      "recall@10": 0.0,
      "ndcg@5": 0.0,
      "latency_ms": 3595.6903806413925,
      "tokens_in": 350,
      "tokens_out": 200,
      "cost_cents": 0.40499999999999997
    },
    {
      "query_id": "q_001",
      "category": "simple",
      "router_route": "simple",
      "recall@5": 0.0,
      "recall@10": 0.0,
      "ndcg@5": 0.0,
      "latency_ms": 3582.0490232195175,
      "tokens_in": 352,
      "tokens_out": 200,
      "cost_cents": 0.40559999999999996
    },
    {
      "query_id": "q_002",
      "category": "simple",
      "router_route": "simple",
      "recall@5": 0.0,
      "recall@10": 0.0,
      "ndcg@5": 0.0,
      "latency_ms": 3583.40967805045,
      "tokens_in": 382,
      "tokens_out": 200,
      "cost_cents": 0.4146
    },
    {
      "query_id": "q_003",
      "category": "simple",
      "router_route": "simple",
      "recall@5": 0.0,
      "recall@10": 0.0,
      "ndcg@5": 0.0,
      "latency_ms": 3579.758774348668,
      "tokens_in": 349,
      "tokens_out": 200,
      "cost_cents": 0.4047
    },
    {
      "query_id": "q_004",
      "category": "simple",
      "router_route": "simple",
      "recall@5": 0.0,
      "recall@10": 0.0,
      "ndcg@5": 0.0,
      "latency_ms": 3574.643742152623,
      "tokens_in": 350,
      "tokens_out": 200,
      "cost_cents": 0.40499999999999997
    },
    {
      "query_id": "q_005",
      "category": "simple",
      "router_route": "simple",
      "recall@5": 0.0,
      "recall@10": 0.0,
      "ndcg@5": 0.0,
      "latency_ms": 3600.884567805699,
      "tokens_in": 423,
      "tokens_out": 200,
      "cost_cents": 0.4269
    },
    {
      "query_id": "q_006",
      "category": "simple",
      "router_route": "simple",
      "recall@5": 0.0,
      "recall@10": 0.0,
      "ndcg@5": 0.0,
      "latency_ms": 3591.036926814488,
      "tokens_in": 349,
      "tokens_out": 200,
      "cost_cents": 0.4047
    },
    {
      "query_id": "q_007",
      "category": "simple",
      "router_route": "simple",
      "recall@5": 0.0,
      "recall@10": 0.0,
      "ndcg@5": 0.0,
      "latency_ms": 3586.949478694371,
      "tokens_in": 349,
      "tokens_out": 200,
      "cost_cents": 0.4047
    },
    {
      "query_id": "q_008",
      "category": "simple",
      "router_route": "simple",
      "recall@5": 0.0,
      "recall@10": 0.0,
      "ndcg@5": 0.0,
      "latency_ms": 3591.001402446202,
      "tokens_in": 344,
      "tokens_out": 200,
      "cost_cents": 0.4032
    },
    {
      "query_id": "q_009",
      "category": "simple",
      "router_route": "simple",
      "recall@5": 0.0,
      "recall@10": 0.0,
      "ndcg@5": 0.0,
      "latency_ms": 3583.045374461583,
      "tokens_in": 342,
      "tokens_out": 200,
      "cost_cents": 0.4026
    },
    {
      "query_id": "q_010",
      "category": "simple",
      "router_route": "simple",
      "recall@5": 1.0,
      "recall@10": 1.0,
      "ndcg@5": 1.0,
      "latency_ms": 3582.2132936205185,
      "tokens_in": 375,
      "tokens_out": 200,
      "cost_cents": 0.41250000000000003
    },
    {
      "query_id": "q_011",
      "category": "simple",
      "router_route": "simple",
      "recall@5": 1.0,
      "recall@10": 1.0,
      "ndcg@5": 1.0,
      "latency_ms": 3604.1909566606796,
      "tokens_in": 386,
      "tokens_out": 200,
      "cost_cents": 0.4158
    },
    {
      "query_id": "q_012",
      "category": "simple",
      "router_route": "simple",
      "recall@5": 1.0,
      "recall@10": 1.0,
      "ndcg@5": 1.0,
      "latency_ms": 3584.923636027745,
      "tokens_in": 391,
      "tokens_out": 200,
      "cost_cents": 0.41729999999999995
    },
    {
      "query_id": "q_013",
      "category": "simple",
      "router_route": "simple",
      "recall@5": 1.0,
      "recall@10": 1.0,
      "ndcg@5": 1.0,
      "latency_ms": 3587.073933192662,
      "tokens_in": 352,
      "tokens_out": 200,
      "cost_cents": 0.40559999999999996
    },
    {
      "query_id": "q_014",
      "category": "simple",
      "router_route": "simple",
      "recall@5": 1.0,
      "recall@10": 1.0,
      "ndcg@5": 1.0,
      "latency_ms": 3591.9581762041366,
      "tokens_in": 385,
      "tokens_out": 200,
      "cost_cents": 0.4155
    },
    {
      "query_id": "q_015",
      "category": "simple",
      "router_route": "simple",
      "recall@5": 1.0,
      "recall@10": 1.0,
      "ndcg@5": 1.0,
      "latency_ms": 3581.407200404576,
      "tokens_in": 389,
      "tokens_out": 200,
      "cost_cents": 0.41669999999999996
    },
    {
      "query_id": "q_016",
      "category": "simple",
      "router_route": "simple",
      "recall@5": 1.0,
      "recall@10": 1.0,
      "ndcg@5": 1.0,
      "latency_ms": 3586.8233552660263,
      "tokens_in": 383,
      "tokens_out": 200,
      "cost_cents": 0.4149
    },
    {
      "query_id": "q_017",
      "category": "simple",
      "router_route": "simple",
      "recall@5": 1.0,
      "recall@10": 1.0,
      "ndcg@5": 1.0,
      "latency_ms": 3578.3826223100937,
      "tokens_in": 389,
      "tokens_out": 200,
      "cost_cents": 0.41669999999999996
    },
    {
      "query_id": "q_018",
      "category": "simple",
      "router_route": "simple",
      "recall@5": 1.0,
      "recall@10": 1.0,
      "ndcg@5": 1.0,
      "latency_ms": 3581.275593348912,
      "tokens_in": 371,
      "tokens_out": 200,
      "cost_cents": 0.41130000000000005
    },
    {
      "query_id": "q_019",
      "category": "simple",
      "router_route": "simple",
      "recall@5": 1.0,
      "recall@10": 1.0,
      "ndcg@5": 1.0,
      "latency_ms": 3584.574114390782,
      "tokens_in": 396,
      "tokens_out": 200,
      "cost_cents": 0.4188
    },
    {
      "query_id": "q_020",
      "category": "simple",
      "router_route": "simple",
      "recall@5": 0.0,
      "recall@10": 0.0,
      "ndcg@5": 0.0,
      "latency_ms": 3530.639301845006,
      "tokens_in": 353,
      "tokens_out": 200,
      "cost_cents": 0.40590000000000004
    },
    {
      "query_id": "q_021",
      "category": "simple",
      "router_route": "simple",
      "recall@5": 0.0,
      "recall@10": 0.0,
      "ndcg@5": 0.0,
      "latency_ms": 3529.8172345842636,
      "tokens_in": 394,
      "tokens_out": 200,
      "cost_cents": 0.4182
    },
    {
      "query_id": "q_022",