{
  "arm": "arm-a-flat-rerank",
  "summary": {
    "simple": {
      "n": 30,
      "recall@5": 0.3333333333333333,
      "recall@10": 0.3333333333333333,
      "ndcg@5": 0.3333333333333333,
      "latency_ms_p50": 3570.5111299242294,
      "latency_ms_p95": 3648.6789022173202,
      "latency_ms_p99": 3678.0852924074447,
      "tokens_in_avg": 375.93333333333334,
      "tokens_out_avg": 200.0,
      "cost_cents_avg": 0.4127799999999999
    },
    "all": {
      "n": 49,
      "recall@5": 0.2122448979591837,
      "recall@10": 0.2183673469387755,
      "ndcg@5": 0.21756815907604865,
      "latency_ms_p50": 3584.3076978410995,
      "latency_ms_p95": 3660.75861794608,
      "latency_ms_p99": 3679.8285947527206,
      "tokens_in_avg": 383.44897959183675,
      "tokens_out_avg": 200.0,
      "cost_cents_avg": 0.41503469387755104
    },
    "multihop": {
      "n": 14,
      "recall@5": 0.0,
      "recall@10": 0.0,
      "ndcg@5": 0.0,
      "latency_ms_p50": 3585.5305467333114,
      "latency_ms_p95": 3617.7182946886337,
      "latency_ms_p99": 3619.7728524889267,
      "tokens_in_avg": 392.35714285714283,
      "tokens_out_avg": 200.0,
      "cost_cents_avg": 0.4177071428571429
    },
    "broad": {
      "n": 5,
      "recall@5": 0.08,
      "recall@10": 0.13999999999999999,
      "ndcg@5": 0.13216795894527678,
      "latency_ms_p50": 3607.5601850237167,
      "latency_ms_p95": 3671.8211923326767,
      "latency_ms_p99": 3676.4186273302353,
      "tokens_in_avg": 403.6,
      "tokens_out_avg": 200.0,
      "cost_cents_avg": 0.42108000000000007
    }
  },
  "per_query": [
    {
      "query_id": "q_000",
      "category": "simple",
      "recall@5": 0.0,
      "recall@10": 0.0,
      "ndcg@5": 0.0,
      "latency_ms": 3611.729649135045,
      "tokens_in": 359,
      "tokens_out": 200,
      "cost_cents": 0.4077
    },
    {
      "query_id": "q_001",
      "category": "simple",
      "recall@5": 0.0,
      "recall@10": 0.0,
      "ndcg@5": 0.0,
      "latency_ms": 3588.8989244188583,
      "tokens_in": 362,
      "tokens_out": 200,
      "cost_cents": 0.4086
    },
    {
      "query_id": "q_002",
      "category": "simple",
      "recall@5": 0.0,
      "recall@10": 0.0,
      "ndcg@5": 0.0,
      "latency_ms": 3573.198584147862,
      "tokens_in": 392,
      "tokens_out": 200,
      "cost_cents": 0.4176
    },
    {
      "query_id": "q_003",
      "category": "simple",
      "recall@5": 0.0,
      "recall@10": 0.0,
      "ndcg@5": 0.0,
      "latency_ms": 3567.8236757005966,
      "tokens_in": 359,
      "tokens_out": 200,
      "cost_cents": 0.4077
    },
    {
      "query_id": "q_004",
      "category": "simple",
      "recall@5": 0.0,
      "recall@10": 0.0,
      "ndcg@5": 0.0,
      "latency_ms": 3581.783083506993,
      "tokens_in": 360,
      "tokens_out": 200,
      "cost_cents": 0.40800000000000003
    },
    {
      "query_id": "q_005",
      "category": "simple",
      "recall@5": 0.0,
      "recall@10": 0.0,
      "ndcg@5": 0.0,
      "latency_ms": 3592.2744546617782,
      "tokens_in": 433,
      "tokens_out": 200,
      "cost_cents": 0.4299
    },
    {
      "query_id": "q_006",
      "category": "simple",
      "recall@5": 0.0,
      "recall@10": 0.0,
      "ndcg@5": 0.0,
      "latency_ms": 3551.565674373082,
      "tokens_in": 358,
      "tokens_out": 200,
      "cost_cents": 0.40740000000000004
    },
    {
      "query_id": "q_007",
      "category": "simple",
      "recall@5": 0.0,
      "recall@10": 0.0,
      "ndcg@5": 0.0,
      "latency_ms": 3562.190321513585,
      "tokens_in": 359,
      "tokens_out": 200,
      "cost_cents": 0.4077
    },
    {
      "query_id": "q_008",
      "category": "simple",
      "recall@5": 0.0,
      "recall@10": 0.0,
      "ndcg@5": 0.0,
      "latency_ms": 3553.8935933794296,
      "tokens_in": 353,
      "tokens_out": 200,
      "cost_cents": 0.40590000000000004
    },
    {
      "query_id": "q_009",
      "category": "simple",
      "recall@5": 0.0,
      "recall@10": 0.0,
      "ndcg@5": 0.0,
      "latency_ms": 3558.9382920946396,
      "tokens_in": 352,
      "tokens_out": 200,
      "cost_cents": 0.40559999999999996
    },
    {
      "query_id": "q_010",
      "category": "simple",
      "recall@5": 1.0,
      "recall@10": 1.0,
      "ndcg@5": 1.0,
      "latency_ms": 3619.2922864641464,
      "tokens_in": 378,
      "tokens_out": 200,
      "cost_cents": 0.4134
    },
    {
      "query_id": "q_011",
      "category": "simple",
      "recall@5": 1.0,
      "recall@10": 1.0,
      "ndcg@5": 1.0,
      "latency_ms": 3681.915310450963,
      "tokens_in": 395,
      "tokens_out": 200,
      "cost_cents": 0.41850000000000004
    },
    {
      "query_id": "q_012",
      "category": "simple",
      "recall@5": 1.0,
      "recall@10": 1.0,
      "ndcg@5": 1.0,
      "latency_ms": 3612.580326625279,
      "tokens_in": 401,
      "tokens_out": 200,
      "cost_cents": 0.4203
    },
    {
      "query_id": "q_013",
      "category": "simple",
      "recall@5": 1.0,
      "recall@10": 1.0,
      "ndcg@5": 1.0,
      "latency_ms": 3611.9537625994003,
      "tokens_in": 361,
      "tokens_out": 200,
      "cost_cents": 0.4083
    },
    {
      "query_id": "q_014",
      "category": "simple",
      "recall@5": 1.0,
      "recall@10": 1.0,
      "ndcg@5": 1.0,
      "latency_ms": 3622.488525935582,
      "tokens_in": 395,
      "tokens_out": 200,
      "cost_cents": 0.41850000000000004
    },
    {
      "query_id": "q_015",
      "category": "simple",
      "recall@5": 1.0,
      "recall@10": 1.0,
      "ndcg@5": 1.0,
      "latency_ms": 3613.319185801915,
      "tokens_in": 398,
      "tokens_out": 200,
      "cost_cents": 0.4194
    },
    {
      "query_id": "q_016",
      "category": "simple",
      "recall@5": 1.0,
      "recall@10": 1.0,
      "ndcg@5": 1.0,
      "latency_ms": 3624.1984639848984,
      "tokens_in": 392,
      "tokens_out": 200,
      "cost_cents": 0.4176
    },
    {
      "query_id": "q_017",
      "category": "simple",
      "recall@5": 1.0,
      "recall@10": 1.0,
      "ndcg@5": 1.0,
      "latency_ms": 3599.442986079625,
      "tokens_in": 398,
      "tokens_out": 200,
      "cost_cents": 0.4194
    },
    {
      "query_id": "q_018",
      "category": "simple",
      "recall@5": 1.0,
      "recall@10": 1.0,
      "ndcg@5": 1.0,
      "latency_ms": 3584.3076978410995,
      "tokens_in": 381,
      "tokens_out": 200,
      "cost_cents": 0.4143
    },
    {
      "query_id": "q_019",
      "category": "simple",
      "recall@5": 1.0,
      "recall@10": 1.0,
      "ndcg@5": 1.0,
      "latency_ms": 3668.708351680211,
      "tokens_in": 397,
      "tokens_out": 200,
      "cost_cents": 0.41910000000000003
    },
    {
      "query_id": "q_020",
      "category": "simple",
      "recall@5": 0.0,
      "recall@10": 0.0,
      "ndcg@5": 0.0,
      "latency_ms": 3553.5738740648544,
      "tokens_in": 362,
      "tokens_out": 200,
      "cost_cents": 0.4086
    },
    {
      "query_id": "q_021",
      "category": "simple",
      "recall@5": 0.0,
      "recall@10": 0.0,
      "ndcg@5": 0.0,
      "latency_ms": 3559.531000682286,
      "tokens_in": 403,
      "tokens_out": 200,
      "cost_cents": 0.4209
    },
    {
      "query_id": "q_022",
      "category": "simple",
      "recall@5": 0.0,
      "recall@10": 0.0,
      "ndcg@5": 0.0,
      "latency_ms": 3541.457918712071,
      "tokens_in": 357,
      "tokens_out": 200,
      "cost_cents": 0.4071
    },
    {
      "query_id": "q_023",
      "category": "simple",
      "recall@5": 0.0,
      "recall@10": 0.0,
      "ndcg@5": 0.0,
      "latency_ms": 3530.8811937059677,
      "tokens_in": 388,
      "tokens_out": 200,
      "cost_cents": 0.4164
    },
    {
      "query_id": "q_024",
      "category": "simple",
      "recall@5": 0.0,
      "recall@10": 0.0,
      "ndcg@5": 0.0,
      "latency_ms": 3522.560146876744,
      "tokens_in": 352,
      "tokens_out": 200,