{
  "arm": "arm-d1l-anchorrag-nothink",
  "summary": {
    "simple": {
      "n": 30,
      "recall@5": 0.5,
      "recall@10": 0.6333333333333333,
      "ndcg@5": 0.42579018714896943,
      "latency_ms_p50": 4304.286847795753,
      "latency_ms_p95": 4382.10476466587,
      "latency_ms_p99": 4500.396311964301,
      "tokens_in_avg": 431.23333333333335,
      "tokens_out_avg": 250.0,
      "cost_cents_avg": 0.5043699999999999
    },
    "all": {
      "n": 49,
      "recall@5": 0.5115646258503402,
      "recall@10": 0.6081632653061224,
      "ndcg@5": 0.46214281088115255,
      "latency_ms_p50": 4320.826421465186,
      "latency_ms_p95": 5036.020198549532,
      "latency_ms_p99": 5392.935720171241,
      "tokens_in_avg": 440.9387755102041,
      "tokens_out_avg": 254.89795918367346,
      "cost_cents_avg": 0.5079881632653059
    },
    "multihop": {
      "n": 14,
      "recall@5": 0.6904761904761905,
      "recall@10": 0.7142857142857143,
      "ndcg@5": 0.6578894517129292,
      "latency_ms_p50": 4328.632126535682,
      "latency_ms_p95": 4486.725722040443,
      "latency_ms_p99": 4556.203547205238,
      "tokens_in_avg": 431.7142857142857,
      "tokens_out_avg": 250.0,
      "cost_cents_avg": 0.5045142857142855
    },
    "broad": {
      "n": 5,
      "recall@5": 0.08,
      "recall@10": 0.16,
      "ndcg@5": 0.13216795894527678,
      "latency_ms_p50": 5344.318328584937,
      "latency_ms_p95": 5406.2925679343025,
      "latency_ms_p99": 5413.925052370338,
      "tokens_in_avg": 525.0,
      "tokens_out_avg": 298.0,
      "cost_cents_avg": 0.539424
    }
  },
  "per_query": [
    {
      "query_id": "q_000",
      "category": "simple",
      "recall@5": 0.0,
      "recall@10": 0.0,
      "ndcg@5": 0.0,
      "latency_ms": 4299.329410280494,
      "tokens_in": 395,
      "tokens_out": 250,
      "cost_cents": 0.49350000000000094
    },
    {
      "query_id": "q_001",
      "category": "simple",
      "recall@5": 0.0,
      "recall@10": 0.0,
      "ndcg@5": 0.0,
      "latency_ms": 4333.681712831763,
      "tokens_in": 445,
      "tokens_out": 250,
      "cost_cents": 0.5084999999999997
    },
    {
      "query_id": "q_002",
      "category": "simple",
      "recall@5": 0.0,
      "recall@10": 0.0,
      "ndcg@5": 0.0,
      "latency_ms": 4306.966911043433,
      "tokens_in": 419,
      "tokens_out": 250,
      "cost_cents": 0.5007000000000001
    },
    {
      "query_id": "q_003",
      "category": "simple",
      "recall@5": 0.0,
      "recall@10": 0.0,
      "ndcg@5": 0.0,
      "latency_ms": 4288.585077013282,
      "tokens_in": 442,
      "tokens_out": 250,
      "cost_cents": 0.5076
    },
    {
      "query_id": "q_004",
      "category": "simple",
      "recall@5": 0.0,
      "recall@10": 0.0,
      "ndcg@5": 0.0,
      "latency_ms": 4296.1381775992195,
      "tokens_in": 443,
      "tokens_out": 250,
      "cost_cents": 0.5078999999999994
    },
    {
      "query_id": "q_005",
      "category": "simple",
      "recall@5": 0.0,
      "recall@10": 0.0,
      "ndcg@5": 0.0,
      "latency_ms": 4314.259896959571,
      "tokens_in": 462,
      "tokens_out": 250,
      "cost_cents": 0.5136000000000003
    },
    {
      "query_id": "q_006",
      "category": "simple",
      "recall@5": 0.0,
      "recall@10": 0.0,
      "ndcg@5": 0.0,
      "latency_ms": 4301.606784548072,
      "tokens_in": 433,
      "tokens_out": 250,
      "cost_cents": 0.5048999999999992
    },
    {
      "query_id": "q_007",
      "category": "simple",
      "recall@5": 0.0,
      "recall@10": 0.0,
      "ndcg@5": 0.0,
      "latency_ms": 4337.598214830665,
      "tokens_in": 442,
      "tokens_out": 250,
      "cost_cents": 0.5076
    },
    {
      "query_id": "q_008",
      "category": "simple",
      "recall@5": 0.0,
      "recall@10": 0.0,
      "ndcg@5": 0.0,
      "latency_ms": 4326.632152284888,
      "tokens_in": 437,
      "tokens_out": 250,
      "cost_cents": 0.5061
    },
    {
      "query_id": "q_009",
      "category": "simple",
      "recall@5": 0.0,
      "recall@10": 0.0,
      "ndcg@5": 0.0,
      "latency_ms": 4545.649419512061,
      "tokens_in": 435,
      "tokens_out": 250,
      "cost_cents": 0.5054999999999996
    },
    {
      "query_id": "q_010",
      "category": "simple",
      "recall@5": 1.0,
      "recall@10": 1.0,
      "ndcg@5": 1.0,
      "latency_ms": 4348.538289751319,
      "tokens_in": 418,
      "tokens_out": 250,
      "cost_cents": 0.5004000000000008
    },
    {
      "query_id": "q_011",
      "category": "simple",
      "recall@5": 1.0,
      "recall@10": 1.0,
      "ndcg@5": 1.0,
      "latency_ms": 4389.6042210715095,
      "tokens_in": 428,
      "tokens_out": 250,
      "cost_cents": 0.5033999999999992
    },
    {
      "query_id": "q_012",
      "category": "simple",
      "recall@5": 1.0,
      "recall@10": 1.0,
      "ndcg@5": 1.0,
      "latency_ms": 4372.93876239231,
      "tokens_in": 437,
      "tokens_out": 250,
      "cost_cents": 0.5061
    },
    {
      "query_id": "q_013",
      "category": "simple",
      "recall@5": 1.0,
      "recall@10": 1.0,
      "ndcg@5": 1.0,
      "latency_ms": 4343.258987154273,
      "tokens_in": 406,
      "tokens_out": 250,
      "cost_cents": 0.49679999999999946
    },
    {
      "query_id": "q_014",
      "category": "simple",
      "recall@5": 1.0,
      "recall@10": 1.0,
      "ndcg@5": 1.0,
      "latency_ms": 4324.883590425758,
      "tokens_in": 427,
      "tokens_out": 250,
      "cost_cents": 0.5030999999999999
    },
    {
      "query_id": "q_015",
      "category": "simple",
      "recall@5": 1.0,
      "recall@10": 1.0,
      "ndcg@5": 1.0,
      "latency_ms": 4318.271527971534,
      "tokens_in": 420,
      "tokens_out": 250,
      "cost_cents": 0.5009999999999994
    },
    {
      "query_id": "q_016",
      "category": "simple",
      "recall@5": 1.0,
      "recall@10": 1.0,
      "ndcg@5": 1.0,
      "latency_ms": 4337.39508220127,
      "tokens_in": 425,
      "tokens_out": 250,
      "cost_cents": 0.5024999999999995
    },
    {
      "query_id": "q_017",
      "category": "simple",
      "recall@5": 1.0,
      "recall@10": 1.0,
      "ndcg@5": 1.0,
      "latency_ms": 4321.046958650855,
      "tokens_in": 436,
      "tokens_out": 250,
      "cost_cents": 0.5058000000000007
    },
    {
      "query_id": "q_018",
      "category": "simple",
      "recall@5": 1.0,
      "recall@10": 1.0,
      "ndcg@5": 1.0,
      "latency_ms": 4310.06206103733,
      "tokens_in": 414,
      "tokens_out": 250,
      "cost_cents": 0.4991999999999992
    },
    {
      "query_id": "q_019",
      "category": "simple",
      "recall@5": 1.0,
      "recall@10": 1.0,
      "ndcg@5": 1.0,
      "latency_ms": 4298.38050433567,
      "tokens_in": 434,
      "tokens_out": 250,
      "cost_cents": 0.5052000000000003
    },
    {
      "query_id": "q_020",
      "category": "simple",
      "recall@5": 0.0,
      "recall@10": 1.0,
      "ndcg@5": 0.0,
      "latency_ms": 4233.715902056007,
      "tokens_in": 402,
      "tokens_out": 250,
      "cost_cents": 0.4955999999999996
    },
    {
      "query_id": "q_021",
      "category": "simple",
      "recall@5": 1.0,
      "recall@10": 1.0,
      "ndcg@5": 1.0,
      "latency_ms": 4235.0913388388435,
      "tokens_in": 414,
      "tokens_out": 250,
      "cost_cents": 0.4991999999999992
    },
    {
      "query_id": "q_022",
      "category": "simple",
      "recall@5": 0.0,
      "recall@10": 0.0,
      "ndcg@5": 0.0,
      "latency_ms": 4235.475908006934,
      "tokens_in": 446,
      "tokens_out": 250,
      "cost_cents": 0.5088000000000008
    },
    {
      "query_id": "q_023",
      "category": "simple",
      "recall@5": 1.0,
      "recall@10": 1.0,
      "ndcg@5": 0.5,
      "latency_ms": 4240.810285295753,
      "tokens_in": 453,
      "tokens_out": 250,
      "cost_cents": 0.5108999999999995
    },
    {
      "query_id": "q_024",
      "category": "simple",
      "recall@5": 0.0,
      "recall@10": 1.0,