{
  "arm": "arm-d1-anchorrag-single",
  "summary": {
    "simple": {
      "n": 30,
      "recall@5": 0.5,
      "recall@10": 0.6333333333333333,
      "ndcg@5": 0.42579018714896943,
      "latency_ms_p50": 75703.67619991302,
      "latency_ms_p95": 75743.8840508461,
      "latency_ms_p99": 75762.92440414429,
      "tokens_in_avg": 431.23333333333335,
      "tokens_out_avg": 5250.0,
      "cost_cents_avg": 8.00437
    },
    "all": {
      "n": 49,
      "recall@5": 0.5115646258503402,
      "recall@10": 0.6081632653061224,
      "ndcg@5": 0.46214281088115255,
      "latency_ms_p50": 75712.50138282776,
      "latency_ms_p95": 76351.06943130493,
      "latency_ms_p99": 76763.43128204346,
      "tokens_in_avg": 440.9387755102041,
      "tokens_out_avg": 5254.897959183673,
      "cost_cents_avg": 8.007988163265306
    },
    "multihop": {
      "n": 14,
      "recall@5": 0.6904761904761905,
      "recall@10": 0.7142857142857143,
      "ndcg@5": 0.6578894517129292,
      "latency_ms_p50": 75717.04421043396,
      "latency_ms_p95": 75762.99282312393,
      "latency_ms_p99": 75768.96941423416,
      "tokens_in_avg": 431.7142857142857,
      "tokens_out_avg": 5250.0,
      "cost_cents_avg": 8.004514285714285
    },
    "broad": {
      "n": 5,
      "recall@5": 0.08,
      "recall@10": 0.16,
      "ndcg@5": 0.13216795894527678,
      "latency_ms_p50": 76738.14001083374,
      "latency_ms_p95": 76775.51193237305,
      "latency_ms_p99": 76782.41516113281,
      "tokens_in_avg": 525.0,
      "tokens_out_avg": 5298.0,
      "cost_cents_avg": 8.039424
    }
  },
  "per_query": [
    {
      "query_id": "q_000",
      "category": "simple",
      "recall@5": 0.0,
      "recall@10": 0.0,
      "ndcg@5": 0.0,
      "latency_ms": 75737.84432411194,
      "tokens_in": 395,
      "tokens_out": 5250,
      "cost_cents": 7.993500000000001,
      "top1_conf": 0.7842588424682617
    },
    {
      "query_id": "q_001",
      "category": "simple",
      "recall@5": 0.0,
      "recall@10": 0.0,
      "ndcg@5": 0.0,
      "latency_ms": 75721.10018730164,
      "tokens_in": 445,
      "tokens_out": 5250,
      "cost_cents": 8.0085,
      "top1_conf": 0.5814682841300964
    },
    {
      "query_id": "q_002",
      "category": "simple",
      "recall@5": 0.0,
      "recall@10": 0.0,
      "ndcg@5": 0.0,
      "latency_ms": 75748.82564544678,
      "tokens_in": 419,
      "tokens_out": 5250,
      "cost_cents": 8.0007,
      "top1_conf": 0.7137342095375061
    },
    {
      "query_id": "q_003",
      "category": "simple",
      "recall@5": 0.0,
      "recall@10": 0.0,
      "ndcg@5": 0.0,
      "latency_ms": 75768.68305206299,
      "tokens_in": 442,
      "tokens_out": 5250,
      "cost_cents": 8.0076,
      "top1_conf": 0.6185001730918884
    },
    {
      "query_id": "q_004",
      "category": "simple",
      "recall@5": 0.0,
      "recall@10": 0.0,
      "ndcg@5": 0.0,
      "latency_ms": 75732.83848762512,
      "tokens_in": 443,
      "tokens_out": 5250,
      "cost_cents": 8.0079,
      "top1_conf": 0.598707914352417
    },
    {
      "query_id": "q_005",
      "category": "simple",
      "recall@5": 0.0,
      "recall@10": 0.0,
      "ndcg@5": 0.0,
      "latency_ms": 75699.1621017456,
      "tokens_in": 462,
      "tokens_out": 5250,
      "cost_cents": 8.0136,
      "top1_conf": 0.6379172205924988
    },
    {
      "query_id": "q_006",
      "category": "simple",
      "recall@5": 0.0,
      "recall@10": 0.0,
      "ndcg@5": 0.0,
      "latency_ms": 75701.21083259583,
      "tokens_in": 433,
      "tokens_out": 5250,
      "cost_cents": 8.0049,
      "top1_conf": 0.6389178037643433
    },
    {
      "query_id": "q_007",
      "category": "simple",
      "recall@5": 0.0,
      "recall@10": 0.0,
      "ndcg@5": 0.0,
      "latency_ms": 75702.16784477234,
      "tokens_in": 442,
      "tokens_out": 5250,
      "cost_cents": 8.0076,
      "top1_conf": 0.6115289926528931
    },
    {
      "query_id": "q_008",
      "category": "simple",
      "recall@5": 0.0,
      "recall@10": 0.0,
      "ndcg@5": 0.0,
      "latency_ms": 75724.28784370422,
      "tokens_in": 437,
      "tokens_out": 5250,
      "cost_cents": 8.0061,
      "top1_conf": 0.6462372541427612
    },
    {
      "query_id": "q_009",
      "category": "simple",
      "recall@5": 0.0,
      "recall@10": 0.0,
      "ndcg@5": 0.0,
      "latency_ms": 75708.64567756653,
      "tokens_in": 435,
      "tokens_out": 5250,
      "cost_cents": 8.0055,
      "top1_conf": 0.6870812177658081
    },
    {
      "query_id": "q_010",
      "category": "simple",
      "recall@5": 1.0,
      "recall@10": 1.0,
      "ndcg@5": 1.0,
      "latency_ms": 75708.11400413513,
      "tokens_in": 418,
      "tokens_out": 5250,
      "cost_cents": 8.0004,
      "top1_conf": 0.9014092087745667
    },
    {
      "query_id": "q_011",
      "category": "simple",
      "recall@5": 1.0,
      "recall@10": 1.0,
      "ndcg@5": 1.0,
      "latency_ms": 75702.75316238403,
      "tokens_in": 428,
      "tokens_out": 5250,
      "cost_cents": 8.0034,
      "top1_conf": 0.910967230796814
    },
    {
      "query_id": "q_012",
      "category": "simple",
      "recall@5": 1.0,
      "recall@10": 1.0,
      "ndcg@5": 1.0,
      "latency_ms": 75704.59923744202,
      "tokens_in": 437,
      "tokens_out": 5250,
      "cost_cents": 8.0061,
      "top1_conf": 0.9033187031745911
    },
    {
      "query_id": "q_013",
      "category": "simple",
      "recall@5": 1.0,
      "recall@10": 1.0,
      "ndcg@5": 1.0,
      "latency_ms": 75709.41934585571,
      "tokens_in": 406,
      "tokens_out": 5250,
      "cost_cents": 7.9967999999999995,
      "top1_conf": 0.8968822360038757
    },
    {
      "query_id": "q_014",
      "category": "simple",
      "recall@5": 1.0,
      "recall@10": 1.0,
      "ndcg@5": 1.0,
      "latency_ms": 75713.71493339539,
      "tokens_in": 427,
      "tokens_out": 5250,
      "cost_cents": 8.0031,
      "top1_conf": 0.8639323115348816
    },
    {
      "query_id": "q_015",
      "category": "simple",
      "recall@5": 1.0,
      "recall@10": 1.0,
      "ndcg@5": 1.0,
      "latency_ms": 75733.10861587524,
      "tokens_in": 420,
      "tokens_out": 5250,
      "cost_cents": 8.001,
      "top1_conf": 0.8881113529205322
    },
    {
      "query_id": "q_016",
      "category": "simple",
      "recall@5": 1.0,
      "recall@10": 1.0,
      "ndcg@5": 1.0,
      "latency_ms": 75720.9397315979,
      "tokens_in": 425,
      "tokens_out": 5250,
      "cost_cents": 8.0025,
      "top1_conf": 0.9626379013061523
    },
    {
      "query_id": "q_017",
      "category": "simple",
      "recall@5": 1.0,
      "recall@10": 1.0,
      "ndcg@5": 1.0,
      "latency_ms": 75726.76119804382,
      "tokens_in": 436,
      "tokens_out": 5250,
      "cost_cents": 8.0058,
      "top1_conf": 0.8953880667686462
    },
    {
      "query_id": "q_018",
      "category": "simple",
      "recall@5": 1.0,
      "recall@10": 1.0,
      "ndcg@5": 1.0,
      "latency_ms": 75717.00201034546,
      "tokens_in": 414,
      "tokens_out": 5250,
      "cost_cents": 7.999199999999999,
      "top1_conf": 0.859287679195404
    },
    {
      "query_id": "q_019",
      "category": "simple",
      "recall@5": 1.0,
      "recall@10": 1.0,
      "ndcg@5": 1.0,
      "latency_ms": 75699.01881217957,
      "tokens_in": 434,
      "tokens_out": 5250,
      "cost_cents": 8.0052,
      "top1_conf": 0.902082622051239
    },
    {
      "query_id": "q_020",
      "category": "simple",
      "recall@5": 0.0,
      "recall@10": 1.0,
      "ndcg@5": 0.0,
      "latency_ms": 75652.68788337708,
      "tokens_in": 402,
      "tokens_out": 5250,
      "cost_cents": 7.9956,
      "top1_conf": 0.7022318243980408
    },
    {
      "query_id": "q_021",
      "category": "simple",
      "recall@5": 1.0,
      "recall@10": 1.0,
      "ndcg@5": 1.0,
      "latency_ms": 75658.13217163086,
      "tokens_in": 414,
      "tokens_out": 5250,
      "cost_cents": 7.999199999999999,