{
  "arm": "arm-b-graphrag",
  "summary": {
    "simple": {
      "n": 30,
      "recall@5": 0.13333333333333333,
      "recall@10": 0.13333333333333333,
      "ndcg@5": 0.13333333333333333,
      "latency_ms_p50": 3758.6589302335465,
      "latency_ms_p95": 3771.4242901120865,
      "latency_ms_p99": 3776.756955555507,
      "tokens_in_avg": 421.6333333333333,
      "tokens_out_avg": 220.0,
      "cost_cents_avg": 0.45648999999999995
    },
    "all": {
      "n": 49,
      "recall@5": 0.08571428571428572,
      "recall@10": 0.08571428571428572,
      "ndcg@5": 0.09292135653077843,
      "latency_ms_p50": 3758.9179720197403,
      "latency_ms_p95": 3770.7104887281143,
      "latency_ms_p99": 3775.458127430507,
      "tokens_in_avg": 425.3265306122449,
      "tokens_out_avg": 220.0,
      "cost_cents_avg": 0.45759795918367346
    },
    "multihop": {
      "n": 14,
      "recall@5": 0.0,
      "recall@10": 0.0,
      "ndcg@5": 0.0,
      "latency_ms_p50": 3759.032412937709,
      "latency_ms_p95": 3761.0672201429093,
      "latency_ms_p99": 3761.38906615121,
      "tokens_in_avg": 433.2142857142857,
      "tokens_out_avg": 220.0,
      "cost_cents_avg": 0.45996428571428566
    },
    "broad": {
      "n": 5,
      "recall@5": 0.04,
      "recall@10": 0.04,
      "ndcg@5": 0.11062929400162873,
      "latency_ms_p50": 3758.922025135585,
      "latency_ms_p95": 3759.324046543666,
      "latency_ms_p99": 3759.369212559291,
      "tokens_in_avg": 425.4,
      "tokens_out_avg": 220.0,
      "cost_cents_avg": 0.45762
    }
  },
  "per_query": [
    {
      "query_id": "q_000",
      "category": "simple",
      "recall@5": 0.0,
      "recall@10": 0.0,
      "ndcg@5": 0.0,
      "latency_ms": 3758.766576222011,
      "tokens_in": 427,
      "tokens_out": 220,
      "cost_cents": 0.4581
    },
    {
      "query_id": "q_001",
      "category": "simple",
      "recall@5": 0.0,
      "recall@10": 0.0,
      "ndcg@5": 0.0,
      "latency_ms": 3759.9724973951065,
      "tokens_in": 391,
      "tokens_out": 220,
      "cost_cents": 0.44730000000000003
    },
    {
      "query_id": "q_002",
      "category": "simple",
      "recall@5": 0.0,
      "recall@10": 0.0,
      "ndcg@5": 0.0,
      "latency_ms": 3770.518227985927,
      "tokens_in": 414,
      "tokens_out": 220,
      "cost_cents": 0.4542
    },
    {
      "query_id": "q_003",
      "category": "simple",
      "recall@5": 0.0,
      "recall@10": 0.0,
      "ndcg@5": 0.0,
      "latency_ms": 3771.903439930507,
      "tokens_in": 412,
      "tokens_out": 220,
      "cost_cents": 0.4536
    },
    {
      "query_id": "q_004",
      "category": "simple",
      "recall@5": 0.0,
      "recall@10": 0.0,
      "ndcg@5": 0.0,
      "latency_ms": 3758.532449177333,
      "tokens_in": 427,
      "tokens_out": 220,
      "cost_cents": 0.4581
    },
    {
      "query_id": "q_005",
      "category": "simple",
      "recall@5": 0.0,
      "recall@10": 0.0,
      "ndcg@5": 0.0,
      "latency_ms": 3756.6434587751114,
      "tokens_in": 456,
      "tokens_out": 220,
      "cost_cents": 0.46680000000000005
    },
    {
      "query_id": "q_006",
      "category": "simple",
      "recall@5": 0.0,
      "recall@10": 0.0,
      "ndcg@5": 0.0,
      "latency_ms": 3760.0518907819473,
      "tokens_in": 456,
      "tokens_out": 220,
      "cost_cents": 0.46680000000000005
    },
    {
      "query_id": "q_007",
      "category": "simple",
      "recall@5": 0.0,
      "recall@10": 0.0,
      "ndcg@5": 0.0,
      "latency_ms": 3770.8386625562393,
      "tokens_in": 418,
      "tokens_out": 220,
      "cost_cents": 0.45539999999999997
    },
    {
      "query_id": "q_008",
      "category": "simple",
      "recall@5": 0.0,
      "recall@10": 0.0,
      "ndcg@5": 0.0,
      "latency_ms": 3757.16130392892,
      "tokens_in": 417,
      "tokens_out": 220,
      "cost_cents": 0.45510000000000006
    },
    {
      "query_id": "q_009",
      "category": "simple",
      "recall@5": 0.0,
      "recall@10": 0.0,
      "ndcg@5": 0.0,
      "latency_ms": 3757.9066004071915,
      "tokens_in": 417,
      "tokens_out": 220,
      "cost_cents": 0.45510000000000006
    },
    {
      "query_id": "q_010",
      "category": "simple",
      "recall@5": 1.0,
      "recall@10": 1.0,
      "ndcg@5": 1.0,
      "latency_ms": 3759.9112238202774,
      "tokens_in": 405,
      "tokens_out": 220,
      "cost_cents": 0.4515
    },
    {
      "query_id": "q_011",
      "category": "simple",
      "recall@5": 0.0,
      "recall@10": 0.0,
      "ndcg@5": 0.0,
      "latency_ms": 3758.645221165248,
      "tokens_in": 433,
      "tokens_out": 220,
      "cost_cents": 0.4599
    },
    {
      "query_id": "q_012",
      "category": "simple",
      "recall@5": 0.0,
      "recall@10": 0.0,
      "ndcg@5": 0.0,
      "latency_ms": 3759.1299261365616,
      "tokens_in": 436,
      "tokens_out": 220,
      "cost_cents": 0.4608
    },
    {
      "query_id": "q_013",
      "category": "simple",
      "recall@5": 0.0,
      "recall@10": 0.0,
      "ndcg@5": 0.0,
      "latency_ms": 3778.739377430507,
      "tokens_in": 403,
      "tokens_out": 220,
      "cost_cents": 0.4509
    },
    {
      "query_id": "q_014",
      "category": "simple",
      "recall@5": 0.0,
      "recall@10": 0.0,
      "ndcg@5": 0.0,
      "latency_ms": 3764.081641605922,
      "tokens_in": 432,
      "tokens_out": 220,
      "cost_cents": 0.4596
    },
    {
      "query_id": "q_015",
      "category": "simple",
      "recall@5": 1.0,
      "recall@10": 1.0,
      "ndcg@5": 1.0,
      "latency_ms": 3758.4516252790177,
      "tokens_in": 436,
      "tokens_out": 220,
      "cost_cents": 0.4608
    },
    {
      "query_id": "q_016",
      "category": "simple",
      "recall@5": 0.0,
      "recall@10": 0.0,
      "ndcg@5": 0.0,
      "latency_ms": 3757.699176243373,
      "tokens_in": 429,
      "tokens_out": 220,
      "cost_cents": 0.4587
    },
    {
      "query_id": "q_017",
      "category": "simple",
      "recall@5": 0.0,
      "recall@10": 0.0,
      "ndcg@5": 0.0,
      "latency_ms": 3756.7941393171036,
      "tokens_in": 437,
      "tokens_out": 220,
      "cost_cents": 0.46109999999999995
    },
    {
      "query_id": "q_018",
      "category": "simple",
      "recall@5": 1.0,
      "recall@10": 1.0,
      "ndcg@5": 1.0,
      "latency_ms": 3756.90118925912,
      "tokens_in": 423,
      "tokens_out": 220,
      "cost_cents": 0.45690000000000003
    },
    {
      "query_id": "q_019",
      "category": "simple",
      "recall@5": 1.0,
      "recall@10": 1.0,
      "ndcg@5": 1.0,
      "latency_ms": 3765.3345312391007,
      "tokens_in": 444,
      "tokens_out": 220,
      "cost_cents": 0.4632
    },
    {
      "query_id": "q_020",
      "category": "simple",
      "recall@5": 0.0,
      "recall@10": 0.0,
      "ndcg@5": 0.0,
      "latency_ms": 3755.7582105909073,
      "tokens_in": 416,
      "tokens_out": 220,
      "cost_cents": 0.4548
    },
    {
      "query_id": "q_021",
      "category": "simple",
      "recall@5": 0.0,
      "recall@10": 0.0,
      "ndcg@5": 0.0,
      "latency_ms": 3759.616300037929,
      "tokens_in": 424,
      "tokens_out": 220,
      "cost_cents": 0.45719999999999994
    },
    {
      "query_id": "q_022",
      "category": "simple",
      "recall@5": 0.0,
      "recall@10": 0.0,
      "ndcg@5": 0.0,
      "latency_ms": 3758.6292471204483,
      "tokens_in": 409,
      "tokens_out": 220,
      "cost_cents": 0.4527
    },
    {
      "query_id": "q_023",
      "category": "simple",
      "recall@5": 0.0,
      "recall@10": 0.0,
      "ndcg@5": 0.0,
      "latency_ms": 3760.45720236642,
      "tokens_in": 411,
      "tokens_out": 220,
      "cost_cents": 0.4533
    },
    {
      "query_id": "q_024",
      "category": "simple",
      "recall@5": 0.0,
      "recall@10": 0.0,
      "ndcg@5": 0.0,
      "latency_ms": 3757.5945104871475,
      "tokens_in": 408,
      "tokens_out": 220,
      "cost_cents": 0.4524
    },
    {
      "query_id": "q_025",